INSERT INTO customer (id, version, name, website, country)
VALUES (1, 1, 'AlphaTech', 'https://www.alphatech.com', 'US');
INSERT INTO customer (id, version, name, website, country)
VALUES (2, 1, 'BetaSolutions', 'https://www.betasolutions.com', 'GB');
INSERT INTO customer (id, version, name, website, country)
VALUES (3, 1, 'GammaIndustries', 'https://www.gammaindustries.com', 'CA');
INSERT INTO customer (id, version, name, website, country)
VALUES (4, 1, 'DeltaCorp', 'https://www.deltacorp.com', 'AU');
INSERT INTO customer (id, version, name, website, country)
VALUES (5, 1, 'EpsilonEnterprises', 'https://www.epsilonenterprises.com', 'NZ');
INSERT INTO customer (id, version, name, website, country)
VALUES (6, 1, 'ZetaGlobal', 'https://www.zetaglobal.com', 'IN');
INSERT INTO customer (id, version, name, website, country)
VALUES (7, 1, 'EtaSystems', 'https://www.etasystems.com', 'ZA');
INSERT INTO customer (id, version, name, website, country)
VALUES (8, 1, 'ThetaTech', 'https://www.thetatech.com', 'JP');
INSERT INTO customer (id, version, name, website, country)
VALUES (9, 1, 'IotaConsulting', 'https://www.iotaconsulting.com', 'FR');
INSERT INTO customer (id, version, name, website, country)
VALUES (10, 1, 'KappaDesigns', 'https://www.kappadesigns.com', 'DE');
INSERT INTO customer (id, version, name, website, country)
VALUES (11, 1, 'LambdaLogistics', 'https://www.lambdalogistics.com', 'ES');
INSERT INTO customer (id, version, name, website, country)
VALUES (12, 1, 'MuManufacturing', 'https://www.mumanufacturing.com', 'BR');
INSERT INTO customer (id, version, name, website, country)
VALUES (13, 1, 'NuNetworks', 'https://www.nunetworks.com', 'CN');
INSERT INTO customer (id, version, name, website, country)
VALUES (14, 1, 'XiExports', 'https://www.xiexports.com', 'RU');
INSERT INTO customer (id, version, name, website, country)
VALUES (15, 1, 'OmicronOutfits', 'https://www.omicronoutfits.com', 'NL');
INSERT INTO customer (id, version, name, website, country)
VALUES (16, 1, 'PiProductions', 'https://www.piproductions.com', 'KE');
INSERT INTO customer (id, version, name, website, country)
VALUES (17, 1, 'RhoRetail', 'https://www.rhoretail.com', 'SE');
INSERT INTO customer (id, version, name, website, country)
VALUES (18, 1, 'SigmaServices', 'https://www.sigmaservices.com', 'NO');
INSERT INTO customer (id, version, name, website, country)
VALUES (19, 1, 'TauTechnologies', 'https://www.tautecnhologies.com', 'MX');
INSERT INTO customer (id, version, name, website, country)
VALUES (20, 1, 'UpsilonUtilities', 'https://www.upsilonutilities.com', 'AE');

INSERT INTO industry (id, version, name)
VALUES (101, 1, 'Technology and Software');
INSERT INTO industry (id, version, name)
VALUES (102, 1, 'Healthcare and Pharmaceuticals');
INSERT INTO industry (id, version, name)
VALUES (103, 1, 'Automotive Manufacturing');
INSERT INTO industry (id, version, name)
VALUES (104, 1, 'Retail and Consumer Goods');
INSERT INTO industry (id, version, name)
VALUES (105, 1, 'Financial Services and Banking');
INSERT INTO industry (id, version, name)
VALUES (106, 1, 'Energy and Utilities');
INSERT INTO industry (id, version, name)
VALUES (107, 1, 'Telecommunications');
INSERT INTO industry (id, version, name)
VALUES (108, 1, 'Aerospace and Defense');
INSERT INTO industry (id, version, name)
VALUES (109, 1, 'Agriculture and Food Production');
INSERT INTO industry (id, version, name)
VALUES (110, 1, 'Construction and Real Estate');
INSERT INTO industry (id, version, name)
VALUES (111, 1, 'Education and Training');
INSERT INTO industry (id, version, name)
VALUES (112, 1, 'Hospitality and Tourism');
INSERT INTO industry (id, version, name)
VALUES (113, 1, 'Media and Entertainment');
INSERT INTO industry (id, version, name)
VALUES (114, 1, 'Professional Services');
INSERT INTO industry (id, version, name)
VALUES (115, 1, 'Transportation and Logistics');
INSERT INTO industry (id, version, name)
VALUES (116, 1, 'Chemicals and Materials');
INSERT INTO industry (id, version, name)
VALUES (117, 1, 'Textiles and Apparel');
INSERT INTO industry (id, version, name)
VALUES (118, 1, 'Environmental Services and Sustainability');
INSERT INTO industry (id, version, name)
VALUES (119, 1, 'Mining and Metals');
INSERT INTO industry (id, version, name)
VALUES (120, 1, 'Biotechnology and Medical Research');

INSERT INTO customer_industries (customer_id, industries_id)
VALUES (1, 101);
INSERT INTO customer_industries (customer_id, industries_id)
VALUES (2, 102);
INSERT INTO customer_industries (customer_id, industries_id)
VALUES (3, 103);
INSERT INTO customer_industries (customer_id, industries_id)
VALUES (4, 104);
INSERT INTO customer_industries (customer_id, industries_id)
VALUES (5, 105);
INSERT INTO customer_industries (customer_id, industries_id)
VALUES (6, 106);
INSERT INTO customer_industries (customer_id, industries_id)
VALUES (7, 107);
INSERT INTO customer_industries (customer_id, industries_id)
VALUES (8, 108);
INSERT INTO customer_industries (customer_id, industries_id)
VALUES (9, 109);
INSERT INTO customer_industries (customer_id, industries_id)
VALUES (10, 110);
INSERT INTO customer_industries (customer_id, industries_id)
VALUES (11, 111);
INSERT INTO customer_industries (customer_id, industries_id)
VALUES (12, 112);
INSERT INTO customer_industries (customer_id, industries_id)
VALUES (13, 113);
INSERT INTO customer_industries (customer_id, industries_id)
VALUES (14, 114);
INSERT INTO customer_industries (customer_id, industries_id)
VALUES (15, 115);
INSERT INTO customer_industries (customer_id, industries_id)
VALUES (16, 116);
INSERT INTO customer_industries (customer_id, industries_id)
VALUES (17, 117);
INSERT INTO customer_industries (customer_id, industries_id)
VALUES (18, 118);
INSERT INTO customer_industries (customer_id, industries_id)
VALUES (19, 119);
INSERT INTO customer_industries (customer_id, industries_id)
VALUES (20, 120);
